Workbook
Name Slicer_Driver_Code: #N/A
Name Slicer_Tyre_Compound: #N/A

Sheet RaceData
A1: Driver_Code | B1: Driver_Name | C1: Team | D1: Car_Number | E1: Lap | F1: Tyre_Compound | G1: Lap_On_Tyre | H1: Lap_Time_s | I1: S1_Time_s | J1: S2_Time_s | K1: S3_Time_s | L1: Is_Pit_Lap | M1: Pit_Stop_Duration_s | N1: Gap_To_Leader_s | O1: Sector_Check | R1: Lap
A2: VER | B2: Max Verstappen | C2: Red Bull | D2: 1 | E2: 1 | F2: Soft | G2: 1 | H2: 97.846 | I2: 30.371 | J2: 40.201 | K2: 27.274 | L2: NO | N2: 0 | O2: =IF(ABS((I2+J2+K2)-H2)<0.01, "OK", "MISMATCH" ) -> OK | R2: 1
A3: HAM | B3: Lewis Hamilton | C3: Mercedes | D3: 44 | E3: 1 | F3: Medium | G3: 1 | H3: 99.305 | I3: 30.868 | J3: 40.572 | K3: 27.864 | L3: NO | N3: 0 | O3: =IF(ABS((I3+J3+K3)-H3)<0.01, "OK", "MISMATCH" ) -> OK | R3: 2
A4: ALO | B4: Fernando Alonso | C4: Aston Martin | D4: 14 | E4: 1 | F4: Soft | G4: 1 | H4: 97.816 | I4: 30.419 | J4: 40.075 | K4: 27.322 | L4: NO | N4: 0 | O4: =IF(ABS((I4+J4+K4)-H4)<0.01, "OK", "MISMATCH" ) -> OK | R4: 3
A5: LEC | B5: Charles Leclerc | C5: Ferrari | D5: 16 | E5: 1 | F5: Soft | G5: 1 | H5: 97.482 | I5: 30.166 | J5: 40.019 | K5: 27.298 | L5: NO | N5: 0 | O5: =IF(ABS((I5+J5+K5)-H5)<0.01, "OK", "MISMATCH" ) -> OK | R5: =R4 + 1 -> 4
A6: NOR | B6: Lando Norris | C6: McLaren | D6: 4 | E6: 1 | F6: Medium | G6: 1 | H6: 99.749 | I6: 30.784 | J6: 40.864 | K6: 28.101 | L6: NO | N6: 0 | O6: =IF(ABS((I6+J6+K6)-H6)<0.01, "OK", "MISMATCH" ) -> OK | R6: =R5 + 1 -> 5
A7: VER | B7: Max Verstappen | C7: Red Bull | D7: 1 | E7: 2 | F7: Soft | G7: 2 | H7: 92.878 | I7: 28.784 | J7: 38.035 | K7: 26.059 | L7: NO | N7: 0 | O7: =IF(ABS((I7+J7+K7)-H7)<0.01, "OK", "MISMATCH" ) -> OK | R7: =R6 + 1 -> 6
A8: HAM | B8: Lewis Hamilton | C8: Mercedes | D8: 44 | E8: 2 | F8: Medium | G8: 2 | H8: 94.841 | I8: 29.427 | J8: 38.898 | K8: 26.516 | L8: NO | N8: 3.421 | O8: =IF(ABS((I8+J8+K8)-H8)<0.01, "OK", "MISMATCH" ) -> OK | R8: =R7 + 1 -> 7
A9: ALO | B9: Fernando Alonso | C9: Aston Martin | D9: 14 | E9: 2 | F9: Soft | G9: 2 | H9: 93.538 | I9: 29.021 | J9: 38.473 | K9: 26.045 | L9: NO | N9: 0.63 | O9: =IF(ABS((I9+J9+K9)-H9)<0.01, "OK", "MISMATCH" ) -> OK | R9: =R8 + 1 -> 8
A10: LEC | B10: Charles Leclerc | C10: Ferrari | D10: 16 | E10: 2 | F10: Soft | G10: 2 | H10: 94.069 | I10: 29.207 | J10: 38.562 | K10: 26.3 | L10: NO | N10: 0.827 | O10: =IF(ABS((I10+J10+K10)-H10)<0.01, "OK", "MISMATCH" ) -> OK | R10: =R9 + 1 -> 9
A11: NOR | B11: Lando Norris | C11: McLaren | D11: 4 | E11: 2 | F11: Medium | G11: 2 | H11: 95.34 | I11: 29.587 | J11: 39.132 | K11: 26.621 | L11: NO | N11: 4.365 | O11: =IF(ABS((I11+J11+K11)-H11)<0.01, "OK", "MISMATCH" ) -> OK | R11: =R10 + 1 -> 10
A12: VER | B12: Max Verstappen | C12: Red Bull | D12: 1 | E12: 3 | F12: Soft | G12: 3 | H12: 92.975 | I12: 28.896 | J12: 38.057 | K12: 26.022 | L12: NO | N12: 0 | O12: =IF(ABS((I12+J12+K12)-H12)<0.01, "OK", "MISMATCH" ) -> OK | R12: =R11 + 1 -> 11
A13: HAM | B13: Lewis Hamilton | C13: Mercedes | D13: 44 | E13: 3 | F13: Medium | G13: 3 | H13: 94.82 | I13: 29.291 | J13: 38.927 | K13: 26.601 | L13: NO | N13: 5.267 | O13: =IF(ABS((I13+J13+K13)-H13)<0.01, "OK", "MISMATCH" ) -> OK | R13: =R12 + 1 -> 12
A14: ALO | B14: Fernando Alonso | C14: Aston Martin | D14: 14 | E14: 3 | F14: Soft | G14: 3 | H14: 93.89 | I14: 29.128 | J14: 38.576 | K14: 26.186 | L14: NO | N14: 1.545 | O14: =IF(ABS((I14+J14+K14)-H14)<0.01, "OK", "MISMATCH" ) -> OK | R14: =R13 + 1 -> 13
A15: LEC | B15: Charles Leclerc | C15: Ferrari | D15: 16 | E15: 3 | F15: Soft | G15: 3 | H15: 94.034 | I15: 29.253 | J15: 38.647 | K15: 26.134 | L15: NO | N15: 1.886 | O15: =IF(ABS((I15+J15+K15)-H15)<0.01, "OK", "MISMATCH" ) -> OK | R15: =R14 + 1 -> 14
A16: NOR | B16: Lando Norris | C16: McLaren | D16: 4 | E16: 3 | F16: Medium | G16: 3 | H16: 95.399 | I16: 29.486 | J16: 39.237 | K16: 26.675 | L16: NO | N16: 6.789 | O16: =IF(ABS((I16+J16+K16)-H16)<0.01, "OK", "MISMATCH" ) -> OK | R16: =R15 + 1 -> 15
... A58: HAM | B58: Lewis Hamilton | C58: Mercedes | D58: 44 | E58: 12 | F58: Medium | G58: 12 | H58: 103.759 | I58: 32.039 | J58: 42.194 | K58: 29.526 | L58: NO | N58: 22.497 | O58: =IF(ABS((I58+J58+K58)-H58)<0.01, "OK", "MISMATCH" ) -> OK | R58: =R57 + 1 -> 57
A59: ALO | B59: Fernando Alonso | C59: Aston Martin | D59: 14 | E59: 12 | F59: Soft | G59: 12 | H59: 102.967 | I59: 31.842 | J59: 41.979 | K59: 29.146 | L59: NO | N59: 9.413 | O59: =IF(ABS((I59+J59+K59)-H59)<0.01, "OK", "MISMATCH" ) -> OK
A60: LEC | B60: Charles Leclerc | C60: Ferrari | D60: 16 | E60: 12 | F60: Soft | G60: 12 | H60: 103.213 | I60: 31.714 | J60: 41.873 | K60: 29.626 | L60: NO | N60: 10.261 | O60: =IF(ABS((I60+J60+K60)-H60)<0.01, "OK", "MISMATCH" ) -> OK
A61: NOR | B61: Lando Norris | C61: McLaren | D61: 4 | E61: 12 | F61: Medium | G61: 12 | H61: 104.639 | I61: 32.215 | J61: 42.445 | K61: 29.979 | L61: NO | N61: 27.343 | O61: =IF(ABS((I61+J61+K61)-H61)<0.01, "OK", "MISMATCH" ) -> OK
A62: VER | B62: Max Verstappen | C62: Red Bull | D62: 1 | E62: 13 | F62: Soft | G62: 13 | H62: 102.221 | I62: 31.454 | J62: 41.534 | K62: 29.232 | L62: NO | N62: 0 | O62: =IF(ABS((I62+J62+K62)-H62)<0.01, "OK", "MISMATCH" ) -> OK
A63: HAM | B63: Lewis Hamilton | C63: Mercedes | D63: 44 | E63: 13 | F63: Medium | G63: 13 | H63: 103.895 | I63: 32.129 | J63: 42.448 | K63: 29.318 | L63: NO | N63: 24.171 | O63: =IF(ABS((I63+J63+K63)-H63)<0.01, "OK", "MISMATCH" ) -> OK
A64: ALO | B64: Fernando Alonso | C64: Aston Martin | D64: 14 | E64: 13 | F64: Soft | G64: 13 | H64: 103.134 | I64: 31.733 | J64: 41.986 | K64: 29.415 | L64: NO | N64: 10.326 | O64: =IF(ABS((I64+J64+K64)-H64)<0.01, "OK", "MISMATCH" ) -> OK
A65: LEC | B65: Charles Leclerc | C65: Ferrari | D65: 16 | E65: 13 | F65: Soft | G65: 13 | H65: 103.176 | I65: 31.835 | J65: 41.967 | K65: 29.375 | L65: NO | N65: 11.216 | O65: =IF(ABS((I65+J65+K65)-H65)<0.01, "OK", "MISMATCH" ) -> OK
A66: NOR | B66: Lando Norris | C66: McLaren | D66: 4 | E66: 13 | F66: Medium | G66: 13 | H66: 104.741 | I66: 32.203 | J66: 42.588 | K66: 29.949 | L66: NO | N66: 29.863 | O66: =IF(ABS((I66+J66+K66)-H66)<0.01, "OK", "MISMATCH" ) -> OK
A67: VER | B67: Max Verstappen | C67: Red Bull | D67: 1 | E67: 14 | F67: Soft | G67: 14 | H67: 93.814 | I67: 28.899 | J67: 38.162 | K67: 26.753 | L67: NO | N67: 0 | O67: =IF(ABS((I67+J67+K67)-H67)<0.01, "OK", "MISMATCH" ) -> OK
A68: HAM | B68: Lewis Hamilton | C68: Mercedes | D68: 44 | E68: 14 | F68: Medium | G68: 14 | H68: 95.664 | I68: 29.435 | J68: 38.783 | K68: 27.446 | L68: NO | N68: 26.021 | O68: =IF(ABS((I68+J68+K68)-H68)<0.01, "OK", "MISMATCH" ) -> OK
A69: ALO | B69: Fernando Alonso | C69: Aston Martin | D69: 14 | E69: 14 | F69: Soft | G69: 14 | H69: 94.901 | I69: 29.247 | J69: 38.612 | K69: 27.042 | L69: NO | N69: 11.413 | O69: =IF(ABS((I69+J69+K69)-H69)<0.01, "OK", "MISMATCH" ) -> OK
A70: LEC | B70: Charles Leclerc | C70: Ferrari | D70: 16 | E70: 14 | F70: Soft | G70: 14 | H70: 94.811 | I70: 29.045 | J70: 38.508 | K70: 27.257 | L70: NO | N70: 12.213 | O70: =IF(ABS((I70+J70+K70)-H70)<0.01, "OK", "MISMATCH" ) -> OK
... A78: HAM | B78: Lewis Hamilton | C78: Mercedes | D78: 44 | E78: 16 | F78: Medium | G78: 16 | H78: 95.924 | I78: 29.39 | J78: 38.793 | K78: 27.741 | L78: NO | N78: 29.067 | O78: =IF(ABS((I78+J78+K78)-H78)<0.01, "OK", "MISMATCH" ) -> OK
A79: ALO | B79: Fernando Alonso | C79: Aston Martin | D79: 14 | E79: 16 | F79: Soft | G79: 16 | H79: 113.515 | I79: 29.03 | J79: 38.491 | K79: 45.994 | L79: YES | M79: 2.7 | N79: 31.464 | O79: =IF(ABS((I79+J79+K79)-H79)<0.01, "OK", "MISMATCH" ) -> OK
A80: LEC | B80: Charles Leclerc | C80: Ferrari | D80: 16 | E80: 16 | F80: Soft | G80: 16 | H80: 95.232 | I80: 29.118 | J80: 38.641 | K80: 27.472 | L80: NO | N80: 14.315 | O80: =IF(ABS((I80+J80+K80)-H80)<0.01, "OK", "MISMATCH" ) -> OK
A81: NOR | B81: Lando Norris | C81: McLaren | D81: 4 | E81: 16 | F81: Medium | G81: 16 | H81: 96.298 | I81: 29.554 | J81: 39.214 | K81: 27.529 | L81: NO | N81: 36.287 | O81: =IF(ABS((I81+J81+K81)-H81)<0.01, "OK", "MISMATCH" ) -> OK
A82: VER | B82: Max Verstappen | C82: Red Bull | D82: 1 | E82: 17 | F82: Soft | G82: 17 | H82: 94.039 | I82: 28.868 | J82: 38.224 | K82: 26.947 | L82: NO | N82: 0 | O82: =IF(ABS((I82+J82+K82)-H82)<0.01, "OK", "MISMATCH" ) -> OK
A83: HAM | B83: Lewis Hamilton | C83: Mercedes | D83: 44 | E83: 17 | F83: Medium | G83: 17 | H83: 95.938 | I83: 29.514 | J83: 39.077 | K83: 27.347 | L83: NO | N83: 30.966 | O83: =IF(ABS((I83+J83+K83)-H83)<0.01, "OK", "MISMATCH" ) -> OK
A84: ALO | B84: Fernando Alonso | C84: Aston Martin | D84: 14 | E84: 17 | F84: Hard | G84: 1 | H84: 95.752 | I84: 29.643 | J84: 39.358 | K84: 26.752 | L84: NO | N84: 33.177 | O84: =IF(ABS((I84+J84+K84)-H84)<0.01, "OK", "MISMATCH" ) -> OK
A85: LEC | B85: Charles Leclerc | C85: Ferrari | D85: 16 | E85: 17 | F85: Soft | G85: 17 | H85: 95.422 | I85: 29.198 | J85: 38.414 | K85: 27.81 | L85: NO | N85: 15.698 | O85: =IF(ABS((I85+J85+K85)-H85)<0.01, "OK", "MISMATCH" ) -> OK
A86: NOR | B86: Lando Norris | C86: McLaren | D86: 4 | E86: 17 | F86: Medium | G86: 17 | H86: 96.528 | I86: 29.557 | J86: 39.126 | K86: 27.845 | L86: NO | N86: 38.776 | O86: =IF(ABS((I86+J86+K86)-H86)<0.01, "OK", "MISMATCH" ) -> OK
A87: VER | B87: Max Verstappen | C87: Red Bull | D87: 1 | E87: 18 | F87: Soft | G87: 18 | H87: 113.928 | I87: 28.991 | J87: 38.14 | K87: 46.797 | L87: YES | M87: 2.6 | N87: 0 | O87: =IF(ABS((I87+J87+K87)-H87)<0.01, "OK", "MISMATCH" ) -> OK
A88: HAM | B88: Lewis Hamilton | C88: Mercedes | D88: 44 | E88: 18 | F88: Medium | G88: 18 | H88: 95.5 | I88: 29.313 | J88: 38.978 | K88: 27.209 | L88: NO | N88: 12.539 | O88: =IF(ABS((I88+J88+K88)-H88)<0.01, "OK", "MISMATCH" ) -> OK
A89: ALO | B89: Fernando Alonso | C89: Aston Martin | D89: 14 | E89: 18 | F89: Hard | G89: 2 | H89: 95.783 | I89: 29.667 | J89: 39.282 | K89: 26.834 | L89: NO | N89: 15.032 | O89: =IF(ABS((I89+J89+K89)-H89)<0.01, "OK", "MISMATCH" ) -> OK
A90: LEC | B90: Charles Leclerc | C90: Ferrari | D90: 16 | E90: 18 | F90: Soft | G90: 18 | H90: 95.346 | I90: 29.281 | J90: 38.467 | K90: 27.597 | L90: NO | N90: -2.884 | O90: =IF(ABS((I90+J90+K90)-H90)<0.01, "OK", "MISMATCH" ) -> OK
A91: NOR | B91: Lando Norris | C91: McLaren | D91: 4 | E91: 18 | F91: Medium | G91: 18 | H91: 96.216 | I91: 29.531 | J91: 39.198 | K91: 27.487 | L91: NO | N91: 21.065 | O91: =IF(ABS((I91+J91+K91)-H91)<0.01, "OK", "MISMATCH" ) -> OK
A92: VER | B92: Max Verstappen | C92: Red Bull | D92: 1 | E92: 19 | F92: Medium | G92: 1 | H92: 93.827 | I92: 29.331 | J92: 38.473 | K92: 26.024 | L92: NO | N92: 0 | O92: =IF(ABS((I92+J92+K92)-H92)<0.01, "OK", "MISMATCH" ) -> OK
A93: HAM | B93: Lewis Hamilton | C93: Mercedes | D93: 44 | E93: 19 | F93: Medium | G93: 19 | H93: 95.651 | I93: 29.345 | J93: 39.065 | K93: 27.241 | L93: NO | N93: 14.362 | O93: =IF(ABS((I93+J93+K93)-H93)<0.01, "OK", "MISMATCH" ) -> OK
A94: ALO | B94: Fernando Alonso | C94: Aston Martin | D94: 14 | E94: 19 | F94: Hard | G94: 3 | H94: 96.005 | I94: 29.66 | J94: 39.284 | K94: 27.061 | L94: NO | N94: 17.209 | O94: =IF(ABS((I94+J94+K94)-H94)<0.01, "OK", "MISMATCH" ) -> OK
A95: LEC | B95: Charles Leclerc | C95: Ferrari | D95: 16 | E95: 19 | F95: Soft | G95: 19 | H95: 95.196 | I95: 29.298 | J95: 38.55 | K95: 27.347 | L95: NO | N95: -1.516 | O95: =IF(ABS((I95+J95+K95)-H95)<0.01, "OK", "MISMATCH" ) -> OK
A96: NOR | B96: Lando Norris | C96: McLaren | D96: 4 | E96: 19 | F96: Medium | G96: 19 | H96: 96.585 | I96: 29.449 | J96: 39.03 | K96: 28.106 | L96: NO | N96: 23.823 | O96: =IF(ABS((I96+J96+K96)-H96)<0.01, "OK", "MISMATCH" ) -> OK
A97: VER | B97: Max Verstappen | C97: Red Bull | D97: 1 | E97: 20 | F97: Medium | G97: 2 | H97: 94.284 | I97: 29.188 | J97: 38.558 | K97: 26.539 | L97: NO | N97: 0 | O97: =IF(ABS((I97+J97+K97)-H97)<0.01, "OK", "MISMATCH" ) -> OK
A98: HAM | B98: Lewis Hamilton | C98: Mercedes | D98: 44 | E98: 20 | F98: Medium | G98: 20 | H98: 96.026 | I98: 29.317 | J98: 38.982 | K98: 27.727 | L98: NO | N98: 16.104 | O98: =IF(ABS((I98+J98+K98)-H98)<0.01, "OK", "MISMATCH" ) -> OK
A99: ALO | B99: Fernando Alonso | C99: Aston Martin | D99: 14 | E99: 20 | F99: Hard | G99: 4 | H99: 96.269 | I99: 29.63 | J99: 39.225 | K99: 27.414 | L99: NO | N99: 19.194 | O99: =IF(ABS((I99+J99+K99)-H99)<0.01, "OK", "MISMATCH" ) -> OK
A100: LEC | B100: Charles Leclerc | C100: Ferrari | D100: 16 | E100: 20 | F100: Soft | G100: 20 | H100: 116.835 | I100: 29.091 | J100: 38.668 | K100: 49.076 | L100: YES | M100: 3 | N100: 21.034 | O100: =IF(ABS((I100+J100+K100)-H100)<0.01, "OK", "MISMATCH" ) -> OK
A101: NOR | B101: Lando Norris | C101: McLaren | D101: 4 | E101: 20 | F101: Medium | G101: 20 | H101: 96.417 | I101: 29.649 | J101: 39.019 | K101: 27.749 | L101: NO | N101: 25.955 | O101: =IF(ABS((I101+J101+K101)-H101)<0.01, "OK", "MISMATCH" ) -> OK
A102: VER | B102: Max Verstappen | C102: Red Bull | D102: 1 | E102: 21 | F102: Medium | G102: 3 | H102: 93.98 | I102: 29.2 | J102: 38.591 | K102: 26.189 | L102: NO | N102: 0 | O102: =IF(ABS((I102+J102+K102)-H102)<0.01, "OK", "MISMATCH" ) -> OK
A103: HAM | B103: Lewis Hamilton | C103: Mercedes | D103: 44 | E103: 21 | F103: Medium | G103: 21 | H103: 95.817 | I103: 29.445 | J103: 39.062 | K103: 27.31 | L103: NO | N103: 17.941 | O103: =IF(ABS((I103+J103+K103)-H103)<0.01, "OK", "MISMATCH" ) -> OK
A104: ALO | B104: Fernando Alonso | C104: Aston Martin | D104: 14 | E104: 21 | F104: Hard | G104: 5 | H104: 96.413 | I104: 29.638 | J104: 39.321 | K104: 27.454 | L104: NO | N104: 21.627 | O104: =IF(ABS((I104+J104+K104)-H104)<0.01, "OK", "MISMATCH" ) -> OK
A105: LEC | B105: Charles Leclerc | C105: Ferrari | D105: 16 | E105: 21 | F105: Medium | G105: 1 | H105: 94.878 | I105: 29.465 | J105: 38.913 | K105: 26.501 | L105: NO | N105: 21.933 | O105: =IF(ABS((I105+J105+K105)-H105)<0.01, "OK", "MISMATCH" ) -> OK
A106: NOR | B106: Lando Norris | C106: McLaren | D106: 4 | E106: 21 | F106: Medium | G106: 21 | H106: 96.55 | I106: 29.704 | J106: 39.092 | K106: 27.754 | L106: NO | N106: 28.525 | O106: =IF(ABS((I106+J106+K106)-H106)<0.01, "OK", "MISMATCH" ) -> OK
A107: VER | B107: Max Verstappen | C107: Red Bull | D107: 1 | E107: 22 | F107: Medium | G107: 4 | H107: 93.962 | I107: 29.184 | J107: 38.544 | K107: 26.235 | L107: NO | N107: 0 | O107: =IF(ABS((I107+J107+K107)-H107)<0.01, "OK", "MISMATCH" ) -> OK
A108: HAM | B108: Lewis Hamilton | C108: Mercedes | D108: 44 | E108: 22 | F108: Medium | G108: 22 | H108: 114.747 | I108: 29.372 | J108: 38.993 | K108: 46.383 | L108: YES | M108: 3.1 | N108: 38.726 | O108: =IF(ABS((I108+J108+K108)-H108)<0.01, "OK", "MISMATCH" ) -> OK
A109: ALO | B109: Fernando Alonso | C109: Aston Martin | D109: 14 | E109: 22 | F109: Hard | G109: 6 | H109: 96.294 | I109: 29.809 | J109: 39.312 | K109: 27.173 | L109: NO | N109: 23.959 | O109: =IF(ABS((I109+J109+K109)-H109)<0.01, "OK", "MISMATCH" ) -> OK
A110: LEC | B110: Charles Leclerc | C110: Ferrari | D110: 16 | E110: 22 | F110: Medium | G110: 2 | H110: 95.146 | I110: 29.573 | J110: 38.898 | K110: 26.675 | L110: NO | N110: 23.117 | O110: =IF(ABS((I110+J110+K110)-H110)<0.01, "OK", "MISMATCH" ) -> OK
A111: NOR | B111: Lando Norris | C111: McLaren | D111: 4 | E111: 22 | F111: Medium | G111: 22 | H111: 96.239 | I111: 29.487 | J111: 39.244 | K111: 27.508 | L111: NO | N111: 30.802 | O111: =IF(ABS((I111+J111+K111)-H111)<0.01, "OK", "MISMATCH" ) -> OK
A112: VER | B112: Max Verstappen | C112: Red Bull | D112: 1 | E112: 23 | F112: Medium | G112: 5 | H112: 94.086 | I112: 29.071 | J112: 38.692 | K112: 26.323 | L112: NO | N112: 0 | O112: =IF(ABS((I112+J112+K112)-H112)<0.01, "OK", "MISMATCH" ) -> OK
A113: HAM | B113: Lewis Hamilton | C113: Mercedes | D113: 44 | E113: 23 | F113: Hard | G113: 1 | H113: 95.947 | I113: 29.831 | J113: 39.413 | K113: 26.704 | L113: NO | N113: 40.587 | O113: =IF(ABS((I113+J113+K113)-H113)<0.01, "OK", "MISMATCH" ) -> OK
A114: ALO | B114: Fernando Alonso | C114: Aston Martin | D114: 14 | E114: 23 | F114: Hard | G114: 7 | H114: 95.988 | I114: 29.789 | J114: 39.299 | K114: 26.899 | L114: NO | N114: 25.86 | O114: =IF(ABS((I114+J114+K114)-H114)<0.01, "OK", "MISMATCH" ) -> OK
A115: LEC | B115: Charles Leclerc | C115: Ferrari | D115: 16 | E115: 23 | F115: Medium | G115: 3 | H115: 95.223 | I115: 29.417 | J115: 38.894 | K115: 26.912 | L115: NO | N115: 24.254 | O115: =IF(ABS((I115+J115+K115)-H115)<0.01, "OK", "MISMATCH" ) -> OK
A116: NOR | B116: Lando Norris | C116: McLaren | D116: 4 | E116: 23 | F116: Medium | G116: 23 | H116: 96.578 | I116: 29.642 | J116: 39.182 | K116: 27.754 | L116: NO | N116: 33.294 | O116: =IF(ABS((I116+J116+K116)-H116)<0.01, "OK", "MISMATCH" ) -> OK
A117: VER | B117: Max Verstappen | C117: Red Bull | D117: 1 | E117: 24 | F117: Medium | G117: 6 | H117: 94.555 | I117: 29.125 | J117: 38.513 | K117: 26.917 | L117: NO | N117: 0 | O117: =IF(ABS((I117+J117+K117)-H117)<0.01, "OK", "MISMATCH" ) -> OK
A118: HAM | B118: Lewis Hamilton | C118: Mercedes | D118: 44 | E118: 24 | F118: Hard | G118: 2 | H118: 96.092 | I118: 29.821 | J118: 39.304 | K118: 26.966 | L118: NO | N118: 42.124 | O118: =IF(ABS((I118+J118+K118)-H118)<0.01, "OK", "MISMATCH" ) -> OK
A119: ALO | B119: Fernando Alonso | C119: Aston Martin | D119: 14 | E119: 24 | F119: Hard | G119: 8 | H119: 96.31 | I119: 29.632 | J119: 39.344 | K119: 27.334 | L119: NO | N119: 27.615 | O119: =IF(ABS((I119+J119+K119)-H119)<0.01, "OK", "MISMATCH" ) -> OK
A120: LEC | B120: Charles Leclerc | C120: Ferrari | D120: 16 | E120: 24 | F120: Medium | G120: 4 | H120: 95.213 | I120: 29.549 | J120: 38.948 | K120: 26.716 | L120: NO | N120: 24.912 | O120: =IF(ABS((I120+J120+K120)-H120)<0.01, "OK", "MISMATCH" ) -> OK
... A125: LEC | B125: Charles Leclerc | C125: Ferrari | D125: 16 | E125: 25 | F125: Medium | G125: 5 | H125: 95.384 | I125: 29.468 | J125: 38.943 | K125: 26.973 | L125: NO | N125: 25.689 | O125: =IF(ABS((I125+J125+K125)-H125)<0.01, "OK", "MISMATCH" ) -> OK
A126: NOR | B126: Lando Norris | C126: McLaren | D126: 4 | E126: 25 | F126: Medium | G126: 25 | H126: 116.695 | I126: 29.618 | J126: 39.225 | K126: 47.852 | L126: YES | M126: 3.8 | N126: 57.334 | O126: =IF(ABS((I126+J126+K126)-H126)<0.01, "OK", "MISMATCH" ) -> OK
A127: VER | B127: Max Verstappen | C127: Red Bull | D127: 1 | E127: 26 | F127: Medium | G127: 8 | H127: 94.331 | I127: 29.122 | J127: 38.437 | K127: 26.773 | L127: NO | N127: 0 | O127: =IF(ABS((I127+J127+K127)-H127)<0.01, "OK", "MISMATCH" ) -> OK
A128: HAM | B128: Lewis Hamilton | C128: Mercedes | D128: 44 | E128: 26 | F128: Hard | G128: 4 | H128: 95.995 | I128: 29.84 | J128: 39.294 | K128: 26.861 | L128: NO | N128: 45.21 | O128: =IF(ABS((I128+J128+K128)-H128)<0.01, "OK", "MISMATCH" ) -> OK
A129: ALO | B129: Fernando Alonso | C129: Aston Martin | D129: 14 | E129: 26 | F129: Hard | G129: 10 | H129: 96.039 | I129: 29.648 | J129: 39.395 | K129: 26.996 | L129: NO | N129: 31.289 | O129: =IF(ABS((I129+J129+K129)-H129)<0.01, "OK", "MISMATCH" ) -> OK
A130: LEC | B130: Charles Leclerc | C130: Ferrari | D130: 16 | E130: 26 | F130: Medium | G130: 6 | H130: 95.049 | I130: 29.392 | J130: 38.886 | K130: 26.77 | L130: NO | N130: 26.407 | O130: =IF(ABS((I130+J130+K130)-H130)<0.01, "OK", "MISMATCH" ) -> OK
A131: NOR | B131: Lando Norris | C131: McLaren | D131: 4 | E131: 26 | F131: Soft | G131: 1 | H131: 93.974 | I131: 29.377 | J131: 38.598 | K131: 25.999 | L131: NO | N131: 56.977 | O131: =IF(ABS((I131+J131+K131)-H131)<0.01, "OK", "MISMATCH" ) -> OK
A132: VER | B132: Max Verstappen | C132: Red Bull | D132: 1 | E132: 27 | F132: Medium | G132: 9 | H132: 94.45 | I132: 29.063 | J132: 38.431 | K132: 26.956 | L132: NO | N132: 0 | O132: =IF(ABS((I132+J132+K132)-H132)<0.01, "OK", "MISMATCH" ) -> OK
A133: HAM | B133: Lewis Hamilton | C133: Mercedes | D133: 44 | E133: 27 | F133: Hard | G133: 5 | H133: 95.98 | I133: 29.708 | J133: 39.19 | K133: 27.082 | L133: NO | N133: 46.739 | O133: =IF(ABS((I133+J133+K133)-H133)<0.01, "OK", "MISMATCH" ) -> OK
A134: ALO | B134: Fernando Alonso | C134: Aston Martin | D134: 14 | E134: 27 | F134: Hard | G134: 11 | H134: 96.602 | I134: 29.854 | J134: 39.489 | K134: 27.259 | L134: NO | N134: 33.442 | O134: =IF(ABS((I134+J134+K134)-H134)<0.01, "OK", "MISMATCH" ) -> OK
A135: LEC | B135: Charles Leclerc | C135: Ferrari | D135: 16 | E135: 27 | F135: Medium | G135: 7 | H135: 95.448 | I135: 29.373 | J135: 39.111 | K135: 26.963 | L135: NO | N135: 27.404 | O135: =IF(ABS((I135+J135+K135)-H135)<0.01, "OK", "MISMATCH" ) -> OK
A136: NOR | B136: Lando Norris | C136: McLaren | D136: 4 | E136: 27 | F136: Soft | G136: 2 | H136: 94.182 | I136: 29.255 | J136: 38.542 | K136: 26.385 | L136: NO | N136: 56.709 | O136: =IF(ABS((I136+J136+K136)-H136)<0.01, "OK", "MISMATCH" ) -> OK
A137: VER | B137: Max Verstappen | C137: Red Bull | D137: 1 | E137: 28 | F137: Medium | G137: 10 | H137: 94.522 | I137: 29.103 | J137: 38.452 | K137: 26.968 | L137: NO | N137: 0 | O137: =IF(ABS((I137+J137+K137)-H137)<0.01, "OK", "MISMATCH" ) -> OK
A138: HAM | B138: Lewis Hamilton | C138: Mercedes | D138: 44 | E138: 28 | F138: Hard | G138: 6 | H138: 96.277 | I138: 29.745 | J138: 39.331 | K138: 27.2 | L138: NO | N138: 48.494 | O138: =IF(ABS((I138+J138+K138)-H138)<0.01, "OK", "MISMATCH" ) -> OK
... A189: ALO | B189: Fernando Alonso | C189: Aston Martin | D189: 14 | E189: 38 | F189: Hard | G189: 22 | H189: 96.682 | I189: 29.862 | J189: 39.278 | K189: 27.541 | L189: NO | N189: 53.816 | O189: =IF(ABS((I189+J189+K189)-H189)<0.01, "OK", "MISMATCH" ) -> OK
A190: LEC | B190: Charles Leclerc | C190: Ferrari | D190: 16 | E190: 38 | F190: Medium | G190: 18 | H190: 117.303 | I190: 29.362 | J190: 38.908 | K190: 49.033 | L190: YES | M190: 2.6 | N190: 59.373 | O190: =IF(ABS((I190+J190+K190)-H190)<0.01, "OK", "MISMATCH" ) -> OK
A191: NOR | B191: Lando Norris | C191: McLaren | D191: 4 | E191: 38 | F191: Soft | G191: 13 | H191: 95.384 | I191: 29.267 | J191: 38.676 | K191: 27.441 | L191: NO | N191: 55.843 | O191: =IF(ABS((I191+J191+K191)-H191)<0.01, "OK", "MISMATCH" ) -> OK
A192: VER | B192: Max Verstappen | C192: Red Bull | D192: 1 | E192: 39 | F192: Medium | G192: 21 | H192: 95.273 | I192: 29.321 | J192: 38.484 | K192: 27.469 | L192: NO | N192: 0 | O192: =IF(ABS((I192+J192+K192)-H192)<0.01, "OK", "MISMATCH" ) -> OK
A193: HAM | B193: Lewis Hamilton | C193: Mercedes | D193: 44 | E193: 39 | F193: Hard | G193: 17 | H193: 96.627 | I193: 29.702 | J193: 39.474 | K193: 27.452 | L193: NO | N193: 64.573 | O193: =IF(ABS((I193+J193+K193)-H193)<0.01, "OK", "MISMATCH" ) -> OK
A194: ALO | B194: Fernando Alonso | C194: Aston Martin | D194: 14 | E194: 39 | F194: Hard | G194: 23 | H194: 97.043 | I194: 29.7 | J194: 39.408 | K194: 27.935 | L194: NO | N194: 55.587 | O194: =IF(ABS((I194+J194+K194)-H194)<0.01, "OK", "MISMATCH" ) -> OK
A195: LEC | B195: Charles Leclerc | C195: Ferrari | D195: 16 | E195: 39 | F195: Hard | G195: 1 | H195: 96.253 | I195: 29.817 | J195: 39.388 | K195: 27.048 | L195: NO | N195: 60.352 | O195: =IF(ABS((I195+J195+K195)-H195)<0.01, "OK", "MISMATCH" ) -> OK
A196: NOR | B196: Lando Norris | C196: McLaren | D196: 4 | E196: 39 | F196: Soft | G196: 14 | H196: 95.35 | I196: 29.355 | J196: 38.65 | K196: 27.346 | L196: NO | N196: 55.92 | O196: =IF(ABS((I196+J196+K196)-H196)<0.01, "OK", "MISMATCH" ) -> OK
A197: VER | B197: Max Verstappen | C197: Red Bull | D197: 1 | E197: 40 | F197: Medium | G197: 22 | H197: 116.181 | I197: 29.257 | J197: 38.603 | K197: 48.321 | L197: YES | M197: 2.8 | N197: 0 | O197: =IF(ABS((I197+J197+K197)-H197)<0.01, "OK", "MISMATCH" ) -> OK
A198: HAM | B198: Lewis Hamilton | C198: Mercedes | D198: 44 | E198: 40 | F198: Hard | G198: 18 | H198: 96.362 | I198: 29.674 | J198: 39.359 | K198: 27.329 | L198: NO | N198: 44.754 | O198: =IF(ABS((I198+J198+K198)-H198)<0.01, "OK", "MISMATCH" ) -> OK
A199: ALO | B199: Fernando Alonso | C199: Aston Martin | D199: 14 | E199: 40 | F199: Hard | G199: 24 | H199: 96.514 | I199: 29.766 | J199: 39.388 | K199: 27.36 | L199: NO | N199: 35.92 | O199: =IF(ABS((I199+J199+K199)-H199)<0.01, "OK", "MISMATCH" ) -> OK
A200: LEC | B200: Charles Leclerc | C200: Ferrari | D200: 16 | E200: 40 | F200: Hard | G200: 2 | H200: 95.894 | I200: 29.687 | J200: 39.415 | K200: 26.792 | L200: NO | N200: 40.065 | O200: =IF(ABS((I200+J200+K200)-H200)<0.01, "OK", "MISMATCH" ) -> OK
A201: NOR | B201: Lando Norris | C201: McLaren | D201: 4 | E201: 40 | F201: Soft | G201: 15 | H201: 115.202 | I201: 29.265 | J201: 38.707 | K201: 47.23 | L201: YES | M201: 3.1 | N201: 54.941 | O201: =IF(ABS((I201+J201+K201)-H201)<0.01, "OK", "MISMATCH" ) -> OK
A202: VER | B202: Max Verstappen | C202: Red Bull | D202: 1 | E202: 41 | F202: Hard | G202: 1 | H202: 94.934 | I202: 29.388 | J202: 38.868 | K202: 26.677 | L202: NO | N202: 0 | O202: =IF(ABS((I202+J202+K202)-H202)<0.01, "OK", "MISMATCH" ) -> OK
...

Sheet Analysis
A1: Row Count Check | B1: =COUNTA(RaceData[Lap]) -> 285
A3: Driver | B3: Laps Completed
A4: VER | B4: =COUNTIF(RaceData[Driver_Code], A4) -> 57
A5: HAM | B5: =COUNTIF(RaceData[Driver_Code], A5) -> 57
A6: ALO | B6: =COUNTIF(RaceData[Driver_Code], A6) -> 57
A7: LEC | B7: =COUNTIF(RaceData[Driver_Code], A7) -> 57
A8: NOR | B8: =COUNTIF(RaceData[Driver_Code], A8) -> 57
A10: Driver | B10: Fastest Pit Stop (S)
A11: VER | B11: =_xlfn.MINIFS(RaceData[Pit_Stop_Duration_s], RaceData[Driver_Code], A11, RaceData[Is_Pit_Lap],"YES" ) -> 2.6
A12: HAM | B12: =_xlfn.MINIFS(RaceData[Pit_Stop_Duration_s], RaceData[Driver_Code], A12, RaceData[Is_Pit_Lap],"YES" ) -> 2.9
A13: ALO | B13: =_xlfn.MINIFS(RaceData[Pit_Stop_Duration_s], RaceData[Driver_Code], A13, RaceData[Is_Pit_Lap],"YES" ) -> 2.7
A14: LEC | B14: =_xlfn.MINIFS(RaceData[Pit_Stop_Duration_s], RaceData[Driver_Code], A14, RaceData[Is_Pit_Lap],"YES" ) -> 2.6
A15: NOR | B15: =_xlfn.MINIFS(RaceData[Pit_Stop_Duration_s], RaceData[Driver_Code], A15, RaceData[Is_Pit_Lap],"YES" ) -> 3.1
A17: Driver | B17: Avg Lap Time (S) | C17: Fastest Lap (S) | D17: Fastest Lap No. | E17: Slowest Clean Lap (S) | F17: Std Dev | G17: Rank
A18: VER | B18: =AVERAGEIFS(RaceData[Lap_Time_s], RaceData[Driver_Code], A18, RaceData[Is_Pit_Lap], "NO") -> 94.886545 | C18: =_xlfn.MINIFS(RaceData[Lap_Time_s], RaceData[Driver_Code], A18, RaceData[Is_Pit_Lap], "NO") -> 92.878 | D18: {=INDEX(RaceData[Lap], MATCH(C18, IF(RaceData[Driver_Code]=A18, RaceData[Lap_Time_s]), 0))} -> 2 | E18: =_xlfn.MAXIFS(RaceData[Lap_Time_s], RaceData[Driver_Code], A18, RaceData[Is_Pit_Lap], "NO", RaceData[Lap],">"&1) -> 102.221 | F18: {=STDEV(IF((RaceData[Driver_Code]=A18)*(RaceData[Is_Pit_Lap]="NO"), RaceData[Lap_Time_s]))} -> 1.7054416 | G18: =RANK(B18,B$18:B$22,1) -> 1
A19: HAM | B19: =AVERAGEIFS(RaceData[Lap_Time_s], RaceData[Driver_Code], A19, RaceData[Is_Pit_Lap], "NO") -> 96.070527 | C19: =_xlfn.MINIFS(RaceData[Lap_Time_s], RaceData[Driver_Code], A19, RaceData[Is_Pit_Lap], "NO") -> 94.662 | D19: {=INDEX(RaceData[Lap], MATCH(C19, IF(RaceData[Driver_Code]=A19, RaceData[Lap_Time_s]), 0))} -> 45 | E19: =_xlfn.MAXIFS(RaceData[Lap_Time_s], RaceData[Driver_Code], A19, RaceData[Is_Pit_Lap], "NO", RaceData[Lap],">"&1) -> 103.895 | F19: {=STDEV(IF((RaceData[Driver_Code]=A19)*(RaceData[Is_Pit_Lap]="NO"), RaceData[Lap_Time_s]))} -> 1.6831914 | G19: =RANK(B19,B$18:B$22,1) -> 4
A20: ALO | B20: =AVERAGEIFS(RaceData[Lap_Time_s], RaceData[Driver_Code], A20, RaceData[Is_Pit_Lap], "NO") -> 95.929473 | C20: =_xlfn.MINIFS(RaceData[Lap_Time_s], RaceData[Driver_Code], A20, RaceData[Is_Pit_Lap], "NO") -> 93.538 | D20: {=INDEX(RaceData[Lap], MATCH(C20, IF(RaceData[Driver_Code]=A20, RaceData[Lap_Time_s]), 0))} -> 2 | E20: =_xlfn.MAXIFS(RaceData[Lap_Time_s], RaceData[Driver_Code], A20, RaceData[Is_Pit_Lap], "NO", RaceData[Lap],">"&1) -> 103.134 | F20: {=STDEV(IF((RaceData[Driver_Code]=A20)*(RaceData[Is_Pit_Lap]="NO"), RaceData[Lap_Time_s]))} -> 1.7012168 | G20: =RANK(B20,B$18:B$22,1) -> 3
A21: LEC | B21: =AVERAGEIFS(RaceData[Lap_Time_s], RaceData[Driver_Code], A21, RaceData[Is_Pit_Lap], "NO") -> 95.851764 | C21: =_xlfn.MINIFS(RaceData[Lap_Time_s], RaceData[Driver_Code], A21, RaceData[Is_Pit_Lap], "NO") -> 93.732 | D21: {=INDEX(RaceData[Lap], MATCH(C21, IF(RaceData[Driver_Code]=A21, RaceData[Lap_Time_s]), 0))} -> 4 | E21: =_xlfn.MAXIFS(RaceData[Lap_Time_s], RaceData[Driver_Code], A21, RaceData[Is_Pit_Lap], "NO", RaceData[Lap],">"&1) -> 103.213 | F21: {=STDEV(IF((RaceData[Driver_Code]=A21)*(RaceData[Is_Pit_Lap]="NO"), RaceData[Lap_Time_s]))} -> 1.6663851 | G21: =RANK(B21,B$18:B$22,1) -> 2
A22: NOR | B22: =AVERAGEIFS(RaceData[Lap_Time_s], RaceData[Driver_Code], A22, RaceData[Is_Pit_Lap], "NO") -> 96.2626 | C22: =_xlfn.MINIFS(RaceData[Lap_Time_s], RaceData[Driver_Code], A22, RaceData[Is_Pit_Lap], "NO") -> 93.974 | D22: {=INDEX(RaceData[Lap], MATCH(C22, IF(RaceData[Driver_Code]=A22, RaceData[Lap_Time_s]), 0))} -> 26 | E22: =_xlfn.MAXIFS(RaceData[Lap_Time_s], RaceData[Driver_Code], A22, RaceData[Is_Pit_Lap], "NO", RaceData[Lap],">"&1) -> 104.741 | F22: {=STDEV(IF((RaceData[Driver_Code]=A22)*(RaceData[Is_Pit_Lap]="NO"), RaceData[Lap_Time_s]))} -> 1.9385359 | G22: =RANK(B22,B$18:B$22,1) -> 5
A24: Fastest Lap of Race | B24: =MIN(RaceData[Lap_Time_s]) -> 92.878
A25: Set By | B25: =INDEX(RaceData[Driver_Code], MATCH(B24, RaceData[Lap_Time_s], 0)) -> VER
A26: On Lap | B26: =INDEX(RaceData[Lap], MATCH(B24, RaceData[Lap_Time_s], 0)) -> 2
A30: Driver | B30: Soft Avg (S) | C30: Medium Avg (S) | D30: Hard Avg (s)
A31: VER | B31: =AVERAGEIFS(RaceData[Lap_Time_s], RaceData[Driver_Code], A31, RaceData[Tyre_Compound], "Soft", RaceData[Is_Pit_Lap], "NO") -> 94.773765 | C31: =AVERAGEIFS(RaceData[Lap_Time_s], RaceData[Driver_Code], A31, RaceData[Tyre_Compound], "Medium", RaceData[Is_Pit_Lap], "NO") -> 94.565762 | D31: =AVERAGEIFS(RaceData[Lap_Time_s], RaceData[Driver_Code], A31, RaceData[Tyre_Compound], "Hard", RaceData[Is_Pit_Lap], "NO") -> 95.395588
A32: HAM | B32: =IFERROR(AVERAGEIFS(RaceData[Lap_Time_s], RaceData[Driver_Code], A32, RaceData[Tyre_Compound], "Soft", RaceData[Is_Pit_Lap], "NO"), "-") -> - | C32: =AVERAGEIFS(RaceData[Lap_Time_s], RaceData[Driver_Code], A32, RaceData[Tyre_Compound], "Medium", RaceData[Is_Pit_Lap], "NO") -> 95.952647 | D32: =AVERAGEIFS(RaceData[Lap_Time_s], RaceData[Driver_Code], A32, RaceData[Tyre_Compound], "Hard", RaceData[Is_Pit_Lap], "NO") -> 96.261381
A33: ALO | B33: =AVERAGEIFS(RaceData[Lap_Time_s], RaceData[Driver_Code], A33, RaceData[Tyre_Compound], "Soft", RaceData[Is_Pit_Lap], "NO") -> 95.670933 | C33: =AVERAGEIFS(RaceData[Lap_Time_s], RaceData[Driver_Code], A33, RaceData[Tyre_Compound], "Medium", RaceData[Is_Pit_Lap], "NO") -> 95.323867 | D33: =AVERAGEIFS(RaceData[Lap_Time_s], RaceData[Driver_Code], A33, RaceData[Tyre_Compound], "Hard", RaceData[Is_Pit_Lap], "NO") -> 96.44796
A34: LEC | B34: =AVERAGEIFS(RaceData[Lap_Time_s], RaceData[Driver_Code], A34, RaceData[Tyre_Compound], "Soft", RaceData[Is_Pit_Lap], "NO") -> 95.652263 | C34: =AVERAGEIFS(RaceData[Lap_Time_s], RaceData[Driver_Code], A34, RaceData[Tyre_Compound], "Medium", RaceData[Is_Pit_Lap], "NO") -> 95.501882 | D34: =AVERAGEIFS(RaceData[Lap_Time_s], RaceData[Driver_Code], A34, RaceData[Tyre_Compound], "Hard", RaceData[Is_Pit_Lap], "NO") -> 96.364316
A35: NOR | B35: =AVERAGEIFS(RaceData[Lap_Time_s], RaceData[Driver_Code], A35, RaceData[Tyre_Compound], "Soft", RaceData[Is_Pit_Lap], "NO") -> 94.654571 | C35: =AVERAGEIFS(RaceData[Lap_Time_s], RaceData[Driver_Code], A35, RaceData[Tyre_Compound], "Medium", RaceData[Is_Pit_Lap], "NO") -> 96.875958 | D35: =AVERAGEIFS(RaceData[Lap_Time_s], RaceData[Driver_Code], A35, RaceData[Tyre_Compound], "Hard", RaceData[Is_Pit_Lap], "NO") -> 96.720941
A38: Driver | B38: Soft Deg (S/lap) | C38: Medium Deg (S/lap) | D38: Hard Deg (S/lap)
A39: VER | B39: 0.128 | C39: 0.062 | D39: 0.024
A40: HAM | B40: - | C40: 0.064 | D40: 0.03
A41: ALO | B41: 0.258 | C41: 0.052 | D41: 0.036
A42: LEC | B42: 0.11 | C42: 0.056 | D42: 0.019
A43: NOR | B43: 0.096 | C43: 0.016 | D43: 0.031
A55: Driver | B55: Pit Lap | C55: Pit Duration (S) | D55: Compound Before | E55: Compound After
A56: ALO | B56: 16 | C56: 2.7 | D56: Soft | E56: Hard
A57: VER | B57: 18 | C57: 2.6 | D57: Soft | E57: Medium
A58: LEC | B58: 20 | C58: 3 | D58: Soft | E58: Medium
A59: HAM | B59: 22 | C59: 3.1 | D59: Medium | E59: Hard
A60: NOR | B60: 25 | C60: 3.8 | D60: Medium | E60: Soft
A61: LEC | B61: 38 | C61: 2.6 | D61: Medium | E61: Hard
A62: VER | B62: 40 | C62: 2.8 | D62: Medium | E62: Hard
A63: NOR | B63: 40 | C63: 3.1 | D63: Soft | E63: Hard
A64: ALO | B64: 42 | C64: 3.4 | D64: Hard | E64: Medium
A65: HAM | B65: 44 | C65: 2.9 | D65: Hard | E65: Medium
A68: Driver | B68: Total Pit Time (S)
A69: VER | B69: =SUMIFS(RaceData[Pit_Stop_Duration_s], RaceData[Driver_Code],A69, RaceData[Is_Pit_Lap], "YES") -> 5.4
A70: HAM | B70: =SUMIFS(RaceData[Pit_Stop_Duration_s], RaceData[Driver_Code],A70, RaceData[Is_Pit_Lap], "YES") -> 6
A71: ALO | B71: =SUMIFS(RaceData[Pit_Stop_Duration_s], RaceData[Driver_Code],A71, RaceData[Is_Pit_Lap], "YES") -> 6.1
A72: LEC | B72: =SUMIFS(RaceData[Pit_Stop_Duration_s], RaceData[Driver_Code],A72, RaceData[Is_Pit_Lap], "YES") -> 5.6
A73: NOR | B73: =SUMIFS(RaceData[Pit_Stop_Duration_s], RaceData[Driver_Code],A73, RaceData[Is_Pit_Lap], "YES") -> 6.9
A75: Fastest Pit Stop | B75: =MIN(RaceData[Pit_Stop_Duration_s]) -> 2.6
A76: Driver | B76: =INDEX(RaceData[Driver_Code], MATCH(B75, RaceData[Pit_Stop_Duration_s],0)) -> VER
A77: On Lap | B77: =INDEX(RaceData[Lap], MATCH(B75, RaceData[Pit_Stop_Duration_s], 0)) -> 18
A79: Driver | B79: Pit Lap | C79: Avg 3 Laps Before | D79: Avg 3 Laps After | E79: Delta | F79: Undercut Worked
A80: ALO | B80: 16 | C80: =AVERAGEIFS(RaceData[Lap_Time_s], RaceData[Driver_Code], A80, RaceData[Lap], ">="&(B80-3), RaceData[Lap], "<"&B80, RaceData[Is_Pit_Lap], "NO" ) -> 97.638667 | D80: =AVERAGEIFS(RaceData[Lap_Time_s], RaceData[Driver_Code], A80, RaceData[Lap], ">"&B80, RaceData[Lap], "<="&(B80+3), RaceData[Is_Pit_Lap], "NO" ) -> 95.846667 | E80: =D80-C80 -> -1.792 | F80: =IF(E80<0, "YES - Pace Gained", "NO - No Gain") -> YES - Pace Gained
A81: VER | B81: 18 | C81: =AVERAGEIFS(RaceData[Lap_Time_s], RaceData[Driver_Code], A81, RaceData[Lap], ">="&(B81-3), RaceData[Lap], "<"&B81, RaceData[Is_Pit_Lap], "NO" ) -> 94.128 | D81: =AVERAGEIFS(RaceData[Lap_Time_s], RaceData[Driver_Code], A81, RaceData[Lap], ">"&B81, RaceData[Lap], "<="&(B81+3), RaceData[Is_Pit_Lap], "NO" ) -> 94.030333 | E81: =D81-C81 -> -0.097666667 | F81: =IF(E81<0, "YES - Pace Gained", "NO - No Gain") -> YES - Pace Gained
A82: LEC | B82: 20 | C82: =AVERAGEIFS(RaceData[Lap_Time_s], RaceData[Driver_Code], A82, RaceData[Lap], ">="&(B82-3), RaceData[Lap], "<"&B82, RaceData[Is_Pit_Lap], "NO" ) -> 95.321333 | D82: =AVERAGEIFS(RaceData[Lap_Time_s], RaceData[Driver_Code], A82, RaceData[Lap], ">"&B82, RaceData[Lap], "<="&(B82+3), RaceData[Is_Pit_Lap], "NO" ) -> 95.082333 | E82: =D82-C82 -> -0.239 | F82: =IF(E82<0, "YES - Pace Gained", "NO - No Gain") -> YES - Pace Gained
A83: HAM | B83: 22 | C83: =AVERAGEIFS(RaceData[Lap_Time_s], RaceData[Driver_Code], A83, RaceData[Lap], ">="&(B83-3), RaceData[Lap], "<"&B83, RaceData[Is_Pit_Lap], "NO" ) -> 95.831333 | D83: =AVERAGEIFS(RaceData[Lap_Time_s], RaceData[Driver_Code], A83, RaceData[Lap], ">"&B83, RaceData[Lap], "<="&(B83+3), RaceData[Is_Pit_Lap], "NO" ) -> 96.023 | E83: =D83-C83 -> 0.19166667 | F83: =IF(E83<0, "YES - Pace Gained", "NO - No Gain") -> NO - No Gain
A84: NOR | B84: 25 | C84: =AVERAGEIFS(RaceData[Lap_Time_s], RaceData[Driver_Code], A84, RaceData[Lap], ">="&(B84-3), RaceData[Lap], "<"&B84, RaceData[Is_Pit_Lap], "NO" ) -> 96.441667 | D84: =AVERAGEIFS(RaceData[Lap_Time_s], RaceData[Driver_Code], A84, RaceData[Lap], ">"&B84, RaceData[Lap], "<="&(B84+3), RaceData[Is_Pit_Lap], "NO" ) -> 94.205 | E84: =D84-C84 -> -2.2366667 | F84: =IF(E84<0, "YES - Pace Gained", "NO - No Gain") -> YES - Pace Gained
A85: LEC | B85: 38 | C85: =AVERAGEIFS(RaceData[Lap_Time_s], RaceData[Driver_Code], A85, RaceData[Lap], ">="&(B85-3), RaceData[Lap], "<"&B85, RaceData[Is_Pit_Lap], "NO" ) -> 95.868667 | D85: =AVERAGEIFS(RaceData[Lap_Time_s], RaceData[Driver_Code], A85, RaceData[Lap], ">"&B85, RaceData[Lap], "<="&(B85+3), RaceData[Is_Pit_Lap], "NO" ) -> 96.197667 | E85: =D85-C85 -> 0.329 | F85: =IF(E85<0, "YES - Pace Gained", "NO - No Gain") -> NO - No Gain
A86: VER | B86: 40 | C86: =AVERAGEIFS(RaceData[Lap_Time_s], RaceData[Driver_Code], A86, RaceData[Lap], ">="&(B86-3), RaceData[Lap], "<"&B86, RaceData[Is_Pit_Lap], "NO" ) -> 95.175333 | D86: =AVERAGEIFS(RaceData[Lap_Time_s], RaceData[Driver_Code], A86, RaceData[Lap], ">"&B86, RaceData[Lap], "<="&(B86+3), RaceData[Is_Pit_Lap], "NO" ) -> 95.116 | E86: =D86-C86 -> -0.059333333 | F86: =IF(E86<0, "YES - Pace Gained", "NO - No Gain") -> YES - Pace Gained
A87: NOR | B87: 40 | C87: =AVERAGEIFS(RaceData[Lap_Time_s], RaceData[Driver_Code], A87, RaceData[Lap], ">="&(B87-3), RaceData[Lap], "<"&B87, RaceData[Is_Pit_Lap], "NO" ) -> 95.197667 | D87: =AVERAGEIFS(RaceData[Lap_Time_s], RaceData[Driver_Code], A87, RaceData[Lap], ">"&B87, RaceData[Lap], "<="&(B87+3), RaceData[Is_Pit_Lap], "NO" ) -> 96.5 | E87: =D87-C87 -> 1.3023333 | F87: =IF(E87<0, "YES - Pace Gained", "NO - No Gain") -> NO - No Gain
A88: ALO | B88: 42 | C88: =AVERAGEIFS(RaceData[Lap_Time_s], RaceData[Driver_Code], A88, RaceData[Lap], ">="&(B88-3), RaceData[Lap], "<"&B88, RaceData[Is_Pit_Lap], "NO" ) -> 96.756333 | D88: =AVERAGEIFS(RaceData[Lap_Time_s], RaceData[Driver_Code], A88, RaceData[Lap], ">"&B88, RaceData[Lap], "<="&(B88+3), RaceData[Is_Pit_Lap], "NO" ) -> 95.162 | E88: =D88-C88 -> -1.5943333 | F88: =IF(E88<0, "YES - Pace Gained", "NO - No Gain") -> YES - Pace Gained
A89: HAM | B89: 44 | C89: =AVERAGEIFS(RaceData[Lap_Time_s], RaceData[Driver_Code], A89, RaceData[Lap], ">="&(B89-3), RaceData[Lap], "<"&B89, RaceData[Is_Pit_Lap], "NO" ) -> 96.484 | D89: =AVERAGEIFS(RaceData[Lap_Time_s], RaceData[Driver_Code], A89, RaceData[Lap], ">"&B89, RaceData[Lap], "<="&(B89+3), RaceData[Is_Pit_Lap], "NO" ) -> 94.842 | E89: =D89-C89 -> -1.642 | F89: =IF(E89<0, "YES - Pace Gained", "NO - No Gain") -> YES - Pace Gained
A92: Driver | B92: Best S1 (S) | C92: Best S2 (S) | D92: Best S3 (S) | E92: Theoretical Best Lap (s) | F92: Actual Fastest Lap (s) | G92: Gap to Perfect Lap (s)
A93: VER | B93: =_xlfn.MINIFS(RaceData[S1_Time_s],RaceData[Driver_Code], A93, RaceData[Is_Pit_Lap], "NO" ) -> 28.784 | C93: =_xlfn.MINIFS(RaceData[S2_Time_s],RaceData[Driver_Code], A93, RaceData[Is_Pit_Lap], "NO" ) -> 37.953 | D93: =_xlfn.MINIFS(RaceData[S3_Time_s],RaceData[Driver_Code], A93, RaceData[Is_Pit_Lap], "NO" ) -> 26.022 | E93: =B93+C93+D93 -> 92.759 | F93: =C18 -> 92.878 | G93: =F93-E93 -> 0.119
A94: HAM | B94: =_xlfn.MINIFS(RaceData[S1_Time_s],RaceData[Driver_Code], A94, RaceData[Is_Pit_Lap], "NO" ) -> 29.291 | C94: =_xlfn.MINIFS(RaceData[S2_Time_s],RaceData[Driver_Code], A94, RaceData[Is_Pit_Lap], "NO" ) -> 38.783 | D94: =_xlfn.MINIFS(RaceData[S3_Time_s],RaceData[Driver_Code], A94, RaceData[Is_Pit_Lap], "NO" ) -> 26.317 | E94: =B94+C94+D94 -> 94.391 | F94: =C19 -> 94.662 | G94: =F94-E94 -> 0.271
A95: ALO | B95: =_xlfn.MINIFS(RaceData[S1_Time_s],RaceData[Driver_Code], A95, RaceData[Is_Pit_Lap], "NO" ) -> 29.018 | C95: =_xlfn.MINIFS(RaceData[S2_Time_s],RaceData[Driver_Code], A95, RaceData[Is_Pit_Lap], "NO" ) -> 38.347 | D95: =_xlfn.MINIFS(RaceData[S3_Time_s],RaceData[Driver_Code], A95, RaceData[Is_Pit_Lap], "NO" ) -> 26.045 | E95: =B95+C95+D95 -> 93.41 | F95: =C20 -> 93.538 | G95: =F95-E95 -> 0.128
A96: LEC | B96: =_xlfn.MINIFS(RaceData[S1_Time_s],RaceData[Driver_Code], A96, RaceData[Is_Pit_Lap], "NO" ) -> 29.045 | C96: =_xlfn.MINIFS(RaceData[S2_Time_s],RaceData[Driver_Code], A96, RaceData[Is_Pit_Lap], "NO" ) -> 38.384 | D96: =_xlfn.MINIFS(RaceData[S3_Time_s],RaceData[Driver_Code], A96, RaceData[Is_Pit_Lap], "NO" ) -> 25.957 | E96: =B96+C96+D96 -> 93.386 | F96: =C21 -> 93.732 | G96: =F96-E96 -> 0.346
A97: NOR | B97: =_xlfn.MINIFS(RaceData[S1_Time_s],RaceData[Driver_Code], A97, RaceData[Is_Pit_Lap], "NO" ) -> 29.124 | C97: =_xlfn.MINIFS(RaceData[S2_Time_s],RaceData[Driver_Code], A97, RaceData[Is_Pit_Lap], "NO" ) -> 38.507 | D97: =_xlfn.MINIFS(RaceData[S3_Time_s],RaceData[Driver_Code], A97, RaceData[Is_Pit_Lap], "NO" ) -> 25.999 | E97: =B97+C97+D97 -> 93.63 | F97: =C22 -> 93.974 | G97: =F97-E97 -> 0.344
A100: Compound | B100: Avg S1 (S) | C100: Avg S2 (S) | D100: Avg S3 (S)
A101: Soft | B101: =AVERAGEIFS(RaceData[S1_Time_s], RaceData[Tyre_Compound], "Soft", RaceData[Is_Pit_Lap], "NO") -> 29.417846 | C101: =AVERAGEIFS(RaceData[S2_Time_s], RaceData[Tyre_Compound], "Soft", RaceData[Is_Pit_Lap], "NO") -> 38.821292 | D101: =AVERAGEIFS(RaceData[S3_Time_s], RaceData[Tyre_Compound], "Soft", RaceData[Is_Pit_Lap], "NO") -> 26.972831
A102: Medium | B102: =AVERAGEIFS(RaceData[S1_Time_s], RaceData[Tyre_Compound], "Medium", RaceData[Is_Pit_Lap], "NO") -> 29.535829 | C102: =AVERAGEIFS(RaceData[S2_Time_s], RaceData[Tyre_Compound], "Medium", RaceData[Is_Pit_Lap], "NO") -> 39.085964 | D102: =AVERAGEIFS(RaceData[S3_Time_s], RaceData[Tyre_Compound], "Medium", RaceData[Is_Pit_Lap], "NO") -> 27.114045
A103: Hard | B103: =AVERAGEIFS(RaceData[S1_Time_s], RaceData[Tyre_Compound], "Hard", RaceData[Is_Pit_Lap], "NO") -> 29.732939 | C103: =AVERAGEIFS(RaceData[S2_Time_s], RaceData[Tyre_Compound], "Hard", RaceData[Is_Pit_Lap], "NO") -> 39.329 | D103: =AVERAGEIFS(RaceData[S3_Time_s], RaceData[Tyre_Compound], "Hard", RaceData[Is_Pit_Lap], "NO") -> 27.196485
A108: Is_Pit_Lap | B108: NO
A110: Average of Lap_Time_s | B110: Column Labels
A111: Row Labels | B111: Hard | C111: Medium | D111: Soft | E111: Grand Total
A112: ALO | B112: 96.44796 | C112: 95.323867 | D112: 95.670933 | E112: 95.929473
A113: HAM | B113: 96.261381 | C113: 95.952647 | E113: 96.070527
A114: LEC | B114: 96.364316 | C114: 95.501882 | D114: 95.652263 | E114: 95.851764
A115: NOR | B115: 96.720941 | C115: 96.875958 | D115: 94.654571 | E115: 96.2626
A116: VER | B116: 95.395588 | C116: 94.565762 | D116: 94.773765 | E116: 94.886545
A117: Grand Total | B117: 96.258495 | C117: 95.735892 | D117: 95.211923 | E117: 95.800182
A123: Is_Pit_Lap | B123: NO
A125: Count of Lap | B125: Column Labels
A126: Row Labels | B126: Hard | C126: Medium | D126: Soft | E126: Grand Total
A127: ALO | B127: 25 | C127: 15 | D127: 15 | E127: 55
A128: HAM | B128: 21 | C128: 34 | E128: 55
A129: LEC | B129: 19 | C129: 17 | D129: 19 | E129: 55
A130: NOR | B130: 17 | C130: 24 | D130: 14 | E130: 55
A131: VER | B131: 17 | C131: 21 | D131: 17 | E131: 55
A132: Grand Total | B132: 99 | C132: 111 | D132: 65 | E132: 275
A138: Is_Pit_Lap | B138: NO
A140: Average of Lap_Time_s | B140: Column Labels
A141: Row Labels | B141: ALO | C141: HAM | D141: LEC | E141: NOR | F141: VER | G141: Grand Total
A142: 1-19 | B142: 95.700222 | C142: 96.488053 | D142: 95.652263 | E142: 96.985842 | F142: 94.721167 | G142: 95.924538
A143: 20-38 | B143: 96.494211 | C143: 96.160611 | D143: 95.501882 | E143: 95.117 | F143: 94.567421 | G143: 95.568132
A144: 39-57 | B144: 95.562611 | C144: 95.539722 | D144: 96.364316 | E144: 96.644778 | F144: 95.388778 | G144: 95.905143
A145: Grand Total | B145: 95.929473 | C145: 96.070527 | D145: 95.851764 | E145: 96.2626 | F145: 94.886545 | G145: 95.800182

Sheet Dashboard
B2: 2023 BAHRAIN GRAND PRIX - RACE ANALYSIS DASHBOARD
B3: Sakhir Circuit, Bahrain | 57 Laps | 5 Drivers Analysed
B5: Driver | C5: Team | D5: Fastest Lap (S) | E5: Avg Pace (s) | F5: Std Dev | G5: Pit Stops | H5: Fastest Pit (s) | I5: Tyre Strategy
B6: VER | C6: Red Bull | D6: =Analysis!C18 -> 92.878 | E6: =Analysis!B18 -> 94.886545 | F6: =Analysis!F18 -> 1.7054416 | G6: 2 | H6: =Analysis!B11 -> 2.6 | I6: Soft -> Medium -> Hard
B7: HAM | C7: Mercedes | D7: =Analysis!C19 -> 94.662 | E7: =Analysis!B19 -> 96.070527 | F7: =Analysis!F19 -> 1.6831914 | G7: 2 | H7: =Analysis!B12 -> 2.9 | I7: Medium -> Hard -> Medium
B8: ALO | C8: Aston Martin | D8: =Analysis!C20 -> 93.538 | E8: =Analysis!B20 -> 95.929473 | F8: =Analysis!F20 -> 1.7012168 | G8: 2 | H8: =Analysis!B13 -> 2.7 | I8: Soft -> Hard -> Medium
B9: LEC | C9: Ferrari | D9: =Analysis!C21 -> 93.732 | E9: =Analysis!B21 -> 95.851764 | F9: =Analysis!F21 -> 1.6663851 | G9: 2 | H9: =Analysis!B14 -> 2.6 | I9: Soft -> Medium -> Hard
B10: NOR | C10: McLaren | D10: =Analysis!C22 -> 93.974 | E10: =Analysis!B22 -> 96.2626 | F10: =Analysis!F22 -> 1.9385359 | G10: 2 | H10: =Analysis!B15 -> 3.1 | I10: Medium -> Soft -> Hard

Sheet Helper
A1: VER | D1: ALO | G1: LEC | J1: NOR | M1: SOFT TYRES | P1: Lap | Q1: VER | R1: HAM | S1: ALO | T1: LEC | U1: NOR
A2: Lap_On_Tyre | B2: Lap_Time_s | C2: =SLOPE(B3:B19, A3:A19) -> 0.12823529 | D2: Lap_On_Tyre | E2: Lap_Time_s | F2: =SLOPE(E3:E17, D3:D17) -> 0.25776786 | G2: Lap_On_Tyre | H2: Lap_Time_s | I2: =SLOPE(H3:H21, G3:G21) -> 0.10969123 | J2: Lap_On_Tyre | K2: Lap_Time_s | L2: =SLOPE(K3:K16, J3:J16) -> 0.096259341 | P2: 1 | Q2: 97.846 | R2: 99.305 | S2: 97.816 | T2: 97.482 | U2: 99.749
A3: 1 | B3: 97.846 | D3: 1 | E3: 97.816 | G3: 1 | H3: 97.482 | J3: 1 | K3: 93.974 | P3: 2 | Q3: 92.878 | R3: 94.841 | S3: 93.538 | T3: 94.069 | U3: 95.34
A4: 2 | B4: 92.878 | D4: 2 | E4: 93.538 | G4: 2 | H4: 94.069 | J4: 2 | K4: 94.182 | P4: 3 | Q4: 92.975 | R4: 94.82 | S4: 93.89 | T4: 94.034 | U4: 95.399
A5: 3 | B5: 92.975 | D5: 3 | E5: 93.89 | G5: 3 | H5: 94.034 | J5: 3 | K5: 94.459 | P5: 4 | Q5: 93.181 | R5: 95.077 | S5: 94.179 | T5: 93.732 | U5: 95.222
A6: 4 | B6: 93.181 | D6: 4 | E6: 94.179 | G6: 4 | H6: 93.732 | J6: 4 | K6: 94.271 | P6: 5 | Q6: 93.211 | R6: 95.255 | S6: 93.792 | T6: 93.833 | U6: 95.623
A7: 5 | B7: 93.211 | D7: 5 | E7: 93.792 | G7: 5 | H7: 93.833 | J7: 5 | K7: 94.351 | P7: 6 | Q7: 93.175 | R7: 95.301 | S7: 94.146 | T7: 94.108 | U7: 95.605
A8: 6 | B8: 93.175 | D8: 6 | E8: 94.146 | G8: 6 | H8: 94.108 | J8: 6 | K8: 94.388 | P8: 7 | Q8: 93.512 | R8: 95.269 | S8: 94.28 | T8: 94.189 | U8: 95.431
A9: 7 | B9: 93.512 | D9: 7 | E9: 94.28 | G9: 7 | H9: 94.189 | J9: 7 | K9: 94.623 | P9: 8 | Q9: 93.402 | R9: 95.513 | S9: 94.007 | T9: 94.366 | U9: 95.59
A10: 8 | B10: 93.402 | D10: 8 | E10: 94.007 | G10: 8 | H10: 94.366 | J10: 8 | K10: 94.81 | P10: 9 | Q10: 93.299 | R10: 95.118 | S10: 94.493 | T10: 94.742 | U10: 96.046
A11: 9 | B11: 93.299 | D11: 9 | E11: 94.493 | G11: 9 | H11: 94.742 | J11: 9 | K11: 94.532 | P11: 10 | Q11: 93.337 | R11: 95.635 | S11: 94.495 | T11: 94.7 | U11: 95.808
A12: 10 | B12: 93.337 | D12: 10 | E12: 94.495 | G12: 10 | H12: 94.7 | J12: 10 | K12: 94.873 | P12: 11 | Q12: 93.703 | R12: 95.34 | S12: 94.545 | T12: 94.526 | U12: 95.625
A13: 11 | B13: 93.703 | D13: 11 | E13: 94.545 | G13: 11 | H13: 94.526 | J13: 11 | K13: 95.108 | P13: 12 | Q13: 102.216 | R13: 103.759 | S13: 102.967 | T13: 103.213 | U13: 104.639
A14: 12 | B14: 102.216 | D14: 12 | E14: 102.967 | G14: 12 | H14: 103.213 | J14: 12 | K14: 94.859 | P14: 13 | Q14: 102.221 | R14: 103.895 | S14: 103.134 | T14: 103.176 | U14: 104.741
... A16: 14 | B16: 93.814 | D16: 14 | E16: 94.901 | G16: 14 | H16: 94.811 | J16: 14 | K16: 95.35 | P16: 15 | Q16: 94.288 | R16: 95.468 | S16: 94.881 | T16: 95.216 | U16: 96.222
A17: 15 | B17: 94.288 | D17: 15 | E17: 94.881 | G17: 15 | H17: 95.216 | P17: 16 | Q17: 94.057 | R17: 95.924 | S17: 113.515 | T17: 95.232 | U17: 96.298
A18: 16 | B18: 94.057 | G18: 16 | H18: 95.232 | P18: 17 | Q18: 94.039 | R18: 95.938 | S18: 95.752 | T18: 95.422 | U18: 96.528
A19: 17 | B19: 94.039 | G19: 17 | H19: 95.422 | P19: 18 | Q19: 113.928 | R19: 95.5 | S19: 95.783 | T19: 95.346 | U19: 96.216
G20: 18 | H20: 95.346 | P20: 19 | Q20: 93.827 | R20: 95.651 | S20: 96.005 | T20: 95.196 | U20: 96.585
G21: 19 | H21: 95.196 | P21: 20 | Q21: 94.284 | R21: 96.026 | S21: 96.269 | T21: 116.835 | U21: 96.417
P22: 21 | Q22: 93.98 | R22: 95.817 | S22: 96.413 | T22: 94.878 | U22: 96.55
A23: HARD TYRES | P23: 22 | Q23: 93.962 | R23: 114.747 | S23: 96.294 | T23: 95.146 | U23: 96.239
A24: VER | D24: HAM | G24: ALO | J24: LEC | M24: NOR | P24: 23 | Q24: 94.086 | R24: 95.947 | S24: 95.988 | T24: 95.223 | U24: 96.578
A25: Lap_On_Tyre | B25: Lap_Time_s | C25: =SLOPE(B26:B42,A26:A42) -> 0.023816176 | D25: Lap_On_Tyre | E25: Lap_Time_s | F25: =SLOPE(E26:E46,D26:D46) -> 0.029644156 | G25: Lap_On_Tyre | H25: Lap_Time_s | I25: =SLOPE(H26:H50, G26:G50) -> 0.035951538 | J25: Lap_On_Tyre | K25: Lap_Time_s | L25: =SLOPE(K26:K44, J26:J44) -> 0.018740351 | M25: Lap_On_Tyre | N25: Lap_Time_s | O25: =SLOPE(N26:N42, M26:M42) -> 0.030647059 | P25: 24 | Q25: 94.555 | R25: 96.092 | S25: 96.31 | T25: 95.213 | U25: 96.508
A26: 1 | B26: 94.934 | D26: 1 | E26: 95.947 | G26: 1 | H26: 95.752 | J26: 1 | K26: 96.253 | M26: 1 | N26: 96.564 | P26: 25 | Q26: 94.607 | R26: 96.03 | S26: 96.575 | T26: 95.384 | U26: 116.695
A27: 2 | B27: 94.921 | D27: 2 | E27: 96.092 | G27: 2 | H27: 95.783 | J27: 2 | K27: 95.894 | M27: 2 | N27: 96.443 | P27: 26 | Q27: 94.331 | R27: 95.995 | S27: 96.039 | T27: 95.049 | U27: 93.974
A28: 3 | B28: 95.493 | D28: 3 | E28: 96.03 | G28: 3 | H28: 96.005 | J28: 3 | K28: 96.446 | M28: 3 | N28: 96.493 | P28: 27 | Q28: 94.45 | R28: 95.98 | S28: 96.602 | T28: 95.448 | U28: 94.182
A29: 4 | B29: 95.5 | D29: 4 | E29: 95.995 | G29: 4 | H29: 96.269 | J29: 4 | K29: 96.244 | M29: 4 | N29: 96.768 | P29: 28 | Q29: 94.522 | R29: 96.277 | S29: 96.593 | T29: 95.357 | U29: 94.459
A30: 5 | B30: 95.437 | D30: 5 | E30: 95.98 | G30: 5 | H30: 96.413 | J30: 5 | K30: 96.446 | M30: 5 | N30: 96.488 | P30: 29 | Q30: 94.305 | R30: 95.848 | S30: 96.422 | T30: 95.723 | U30: 94.271
A31: 6 | B31: 95.285 | D31: 6 | E31: 96.277 | G31: 6 | H31: 96.294 | J31: 6 | K31: 96.451 | M31: 6 | N31: 96.7 | P31: 30 | Q31: 94.694 | R31: 96.015 | S31: 96.487 | T31: 95.797 | U31: 94.351
A32: 7 | B32: 95.615 | D32: 7 | E32: 95.848 | G32: 7 | H32: 95.988 | J32: 7 | K32: 96.295 | M32: 7 | N32: 96.532 | P32: 31 | Q32: 94.522 | R32: 96.286 | S32: 96.687 | T32: 95.883 | U32: 94.388
A33: 8 | B33: 95.366 | D33: 8 | E33: 96.015 | G33: 8 | H33: 96.31 | J33: 8 | K33: 96.198 | M33: 8 | N33: 96.866 | P33: 32 | Q33: 94.492 | R33: 96.521 | S33: 96.753 | T33: 95.566 | U33: 94.623
A34: 9 | B34: 95.222 | D34: 9 | E34: 96.286 | G34: 9 | H34: 96.575 | J34: 9 | K34: 96.398 | M34: 9 | N34: 96.629 | P34: 33 | Q34: 94.698 | R34: 96.417 | S34: 96.632 | T34: 95.657 | U34: 94.81
A35: 10 | B35: 95.248 | D35: 10 | E35: 96.521 | G35: 10 | H35: 96.039 | J35: 10 | K35: 96.376 | M35: 10 | N35: 96.54 | P35: 34 | Q35: 95.106 | R35: 96.173 | S35: 96.63 | T35: 95.602 | U35: 94.532
A36: 11 | B36: 95.695 | D36: 11 | E36: 96.417 | G36: 11 | H36: 96.602 | J36: 11 | K36: 96.237 | M36: 11 | N36: 96.876 | P36: 35 | Q36: 95.087 | R36: 96.236 | S36: 96.536 | T36: 95.77 | U36: 94.873
A37: 12 | B37: 95.494 | D37: 12 | E37: 96.173 | G37: 12 | H37: 96.593 | J37: 12 | K37: 96.303 | M37: 12 | N37: 96.854 | P37: 36 | Q37: 94.847 | R37: 96.427 | S37: 96.705 | T37: 95.835 | U37: 95.108
... A42: 17 | B42: 95.386 | D42: 17 | E42: 96.627 | G42: 17 | H42: 96.632 | J42: 17 | K42: 96.493 | M42: 17 | N42: 97.094 | P42: 41 | Q42: 94.934 | R42: 96.451 | S42: 96.712 | T42: 96.446 | U42: 96.564
D43: 18 | E43: 96.362 | G43: 18 | H43: 96.63 | J43: 18 | K43: 96.608 | P43: 42 | Q43: 94.921 | R43: 96.347 | S43: 115.784 | T43: 96.244 | U43: 96.443
D44: 19 | E44: 96.451 | G44: 19 | H44: 96.536 | J44: 19 | K44: 96.501 | P44: 43 | Q44: 95.493 | R44: 96.654 | S44: 95.201 | T44: 96.446 | U44: 96.493
D45: 20 | E45: 96.347 | G45: 20 | H45: 96.705 | P45: 44 | Q45: 95.5 | R45: 115.311 | S45: 95.047 | T45: 96.451 | U45: 96.768
D46: 21 | E46: 96.654 | G46: 21 | H46: 96.773 | P46: 45 | Q46: 95.437 | R46: 94.662 | S46: 95.238 | T46: 96.295 | U46: 96.488
G47: 22 | H47: 96.682 | P47: 46 | Q47: 95.285 | R47: 95.019 | S47: 94.89 | T47: 96.198 | U47: 96.7
G48: 23 | H48: 97.043 | P48: 47 | Q48: 95.615 | R48: 94.845 | S48: 95.26 | T48: 96.398 | U48: 96.532
G49: 24 | H49: 96.514 | P49: 48 | Q49: 95.366 | R49: 95.073 | S49: 95.177 | T49: 96.376 | U49: 96.866
G50: 25 | H50: 96.712 | P50: 49 | Q50: 95.222 | R50: 95.285 | S50: 95.123 | T50: 96.237 | U50: 96.629
P51: 50 | Q51: 95.248 | R51: 95.179 | S51: 95.113 | T51: 96.303 | U51: 96.54
A52: MEDIUM TYRES | P52: 51 | Q52: 95.695 | R52: 95.441 | S52: 95.331 | T52: 96.258 | U52: 96.876
A53: VER | D53: HAM | G53: ALO | J53: LEC | M53: NOR | P53: 52 | Q53: 95.494 | R53: 95.449 | S53: 95.409 | T53: 96.404 | U53: 96.854
A54: Lap_On_Tyre | B54: Lap_Time_s | C54: =SLOPE(B55:B75, A55:A75) -> 0.061815584 | D54: Lap_On_Tyre | E54: Lap_Time_s | F54: =SLOPE(E55:E88, D55:D88) -> 0.063553463 | G54: Lap_On_Tyre | H54: Lap_Time_s | I54: =SLOPE(H55:H69, G55:G69) -> 0.052389286 | J54: Lap_On_Tyre | K54: Lap_Time_s | L54: =SLOPE(K55:K71, J55:J71) -> 0.056340686 | M54: Lap_On_Tyre | N54: Lap_Time_s | O54: =SLOPE(N55:N78, M55:M78) -> 0.016074348 | P54: 53 | Q54: 95.564 | R54: 95.034 | S54: 95.205 | T54: 96.349 | U54: 96.881
A55: 1 | B55: 93.827 | D55: 1 | E55: 99.305 | G55: 1 | H55: 95.201 | J55: 1 | K55: 94.878 | M55: 1 | N55: 99.749 | P55: 54 | Q55: 95.398 | R55: 95.162 | S55: 95.319 | T55: 96.768 | U55: 96.597
A56: 2 | B56: 94.284 | D56: 2 | E56: 94.841 | G56: 2 | H56: 95.047 | J56: 2 | K56: 95.146 | M56: 2 | N56: 95.34 | P56: 55 | Q56: 95.33 | R56: 95.243 | S56: 95.815 | T56: 96.493 | U56: 96.735
A57: 3 | B57: 93.98 | D57: 3 | E57: 94.82 | G57: 3 | H57: 95.238 | J57: 3 | K57: 95.223 | M57: 3 | N57: 95.399 | P57: 56 | Q57: 95.837 | R57: 95.16 | S57: 95.86 | T57: 96.608 | U57: 97.196
A58: 4 | B58: 93.962 | D58: 4 | E58: 95.077 | G58: 4 | H58: 94.89 | J58: 4 | K58: 95.213 | M58: 4 | N58: 95.222 | P58: 57 | Q58: 95.386 | R58: 95.722 | S58: 95.87 | T58: 96.501 | U58: 97.094
A59: 5 | B59: 94.086 | D59: 5 | E59: 95.255 | G59: 5 | H59: 95.26 | J59: 5 | K59: 95.384 | M59: 5 | N59: 95.623
A60: 6 | B60: 94.555 | D60: 6 | E60: 95.301 | G60: 6 | H60: 95.177 | J60: 6 | K60: 95.049 | M60: 6 | N60: 95.605
A61: 7 | B61: 94.607 | D61: 7 | E61: 95.269 | G61: 7 | H61: 95.123 | J61: 7 | K61: 95.448 | M61: 7 | N61: 95.431
A62: 8 | B62: 94.331 | D62: 8 | E62: 95.513 | G62: 8 | H62: 95.113 | J62: 8 | K62: 95.357 | M62: 8 | N62: 95.59
A63: 9 | B63: 94.45 | D63: 9 | E63: 95.118 | G63: 9 | H63: 95.331 | J63: 9 | K63: 95.723 | M63: 9 | N63: 96.046
A64: 10 | B64: 94.522 | D64: 10 | E64: 95.635 | G64: 10 | H64: 95.409 | J64: 10 | K64: 95.797 | M64: 10 | N64: 95.808
A65: 11 | B65: 94.305 | D65: 11 | E65: 95.34 | G65: 11 | H65: 95.205 | J65: 11 | K65: 95.883 | M65: 11 | N65: 95.625
A66: 12 | B66: 94.694 | D66: 12 | E66: 103.759 | G66: 12 | H66: 95.319 | J66: 12 | K66: 95.566 | M66: 12 | N66: 104.639
A67: 13 | B67: 94.522 | D67: 13 | E67: 103.895 | G67: 13 | H67: 95.815 | J67: 13 | K67: 95.657 | M67: 13 | N67: 104.741
A68: 14 | B68: 94.492 | D68: 14 | E68: 95.664 | G68: 14 | H68: 95.86 | J68: 14 | K68: 95.602 | M68: 14 | N68: 96.064
A69: 15 | B69: 94.698 | D69: 15 | E69: 95.468 | G69: 15 | H69: 95.87 | J69: 15 | K69: 95.77 | M69: 15 | N69: 96.222
A70: 16 | B70: 95.106 | D70: 16 | E70: 95.924 | J70: 16 | K70: 95.835 | M70: 16 | N70: 96.298
A71: 17 | B71: 95.087 | D71: 17 | E71: 95.938 | J71: 17 | K71: 96.001 | M71: 17 | N71: 96.528
A72: 18 | B72: 94.847 | D72: 18 | E72: 95.5 | M72: 18 | N72: 96.216
A73: 19 | B73: 94.862 | D73: 19 | E73: 95.651 | M73: 19 | N73: 96.585
A74: 20 | B74: 95.391 | D74: 20 | E74: 96.026 | M74: 20 | N74: 96.417
A75: 21 | B75: 95.273 | D75: 21 | E75: 95.817 | M75: 21 | N75: 96.55
D76: 1 | E76: 94.662 | M76: 22 | N76: 96.239
D77: 2 | E77: 95.019 | M77: 23 | N77: 96.578
D78: 3 | E78: 94.845 | M78: 24 | N78: 96.508
D79: 4 | E79: 95.073
D80: 5 | E80: 95.285
D81: 6 | E81: 95.179
D82: 7 | E82: 95.441
D83: 8 | E83: 95.449
D84: 9 | E84: 95.034
D85: 10 | E85: 95.162
D86: 11 | E86: 95.243
D87: 12 | E87: 95.16
D88: 13 | E88: 95.722
